run,seed,controller,MAE_deg,RMSE_deg,effort_reduction_pct,CCI_reduction_pct,smoothness_gain_pct,bounded
1,2027,C1 no assistance,6.156858672438999,8.193887008165417,-2.9703254120996103,-3.562865501050301,-1.8891877059298652,True
1,2027,C2 fixed admittance,4.177478202946923,5.12225522894093,17.64284989509106,16.336197321862986,23.26143245589264,True
1,2027,C3 proposed,2.8270511711007646,3.674746616154156,55.72478245226114,39.476985224467796,48.311117165590915,True
2,2028,C1 no assistance,6.367780384045493,7.887437734101878,0.977176525487416,-1.8962483117183435,-1.4293537211178482,True
2,2028,C2 fixed admittance,4.324716916766074,4.7785998739747155,14.92187499902215,13.831262403431031,22.11357100634796,True
2,2028,C3 proposed,2.612342511998972,3.8676478153726563,59.27664674730891,45.48143251840524,51.875689073981654,True
3,2029,C1 no assistance,5.826768813692233,8.01596428116526,-2.8481011782396237,-0.5344570195985454,-0.6012801571806166,True
3,2029,C2 fixed admittance,4.477228856842738,5.249365831770974,14.969932346624743,15.112107889763271,26.255385109297393,True
3,2029,C3 proposed,2.7236791256966866,3.665405191467334,56.79710260757921,45.71796131072122,51.6414509402223,True
4,2030,C1 no assistance,6.053816326713013,7.473781075178136,-2.7560235945895917,0.04003587778004356,-0.9243722798459159,True
4,2030,C2 fixed admittance,4.32278860088787,5.507132503193213,16.925259677976737,16.26144952089078,25.862969598164074,True
4,2030,C3 proposed,2.622261566205418,3.6926321253551158,53.84417135131721,46.834077928509885,47.16291184374542,True
5,2031,C1 no assistance,5.9643273487664406,7.8130080404437985,-1.0431761079795583,-1.4973030818966477,0.0044730789103838734,True
5,2031,C2 fixed admittance,4.156567173996734,5.483443659965807,12.338244407811475,15.638169583693498,25.058702177410247,True
5,2031,C3 proposed,2.7163812732576473,3.771838951675749,56.161604722013706,43.35802656007132,48.04909237147535,True
6,2032,C1 no assistance,6.230672514924723,8.190361142558816,-0.9901854150074635,2.06574118900827,-0.8534135087960624,True
6,2032,C2 fixed admittance,4.388847373683732,5.1426286065776505,14.24934463084417,13.348867172606052,22.247847959330436,True
6,2032,C3 proposed,2.8217449607291476,3.690276918660274,53.823820499554145,46.044053135428925,45.177122493208145,True
7,2033,C1 no assistance,6.484088253599076,8.051508130431335,-0.9421392091015337,-0.5171007403962486,-2.5000919259163514,True
7,2033,C2 fixed admittance,3.83664393408396,5.287776296882841,16.593460516802043,12.276972430052528,25.202551250940623,True
7,2033,C3 proposed,2.57658316376411,3.7224124162918866,55.68140045897282,42.54659605843561,45.58136467726646,True
8,2034,C1 no assistance,6.208984843120737,7.758812490279165,-1.357490014189717,-0.42203846916315324,0.9937271385412102,True
8,2034,C2 fixed admittance,3.867640413037309,5.418235110032702,14.369976219580764,11.735332425577022,20.945103698825914,True
8,2034,C3 proposed,2.832828775179146,3.501540003563638,55.13190882186544,44.68929315647626,47.598019440044844,True
9,2035,C1 no assistance,6.08015150370638,7.945529124594972,-0.13198911582469627,-0.0008463693026742103,0.9912064432939556,True
9,2035,C2 fixed admittance,4.042649478410495,5.351946487339419,13.582103039910903,15.835980612606988,27.396249267065294,True
9,2035,C3 proposed,2.833087724631225,3.4223601718854275,56.255532747691674,44.60001775225242,46.92783083463039,True
10,2036,C1 no assistance,6.222400282190514,8.069895178309169,1.5873585550512082,-2.7023900935436203,-2.1315569392003453,True
10,2036,C2 fixed admittance,4.1836710687861745,5.259651977715019,13.400030922194345,20.319191091949314,20.81087062048887,True
10,2036,C3 proposed,2.9103549830815014,3.6636370917019123,55.55862930862464,45.55660952909147,43.82991252952994,True
11,2037,C1 no assistance,6.072601236241175,7.764449578462844,-4.810554571082063,2.7326560781690095,0.4207022517944493,True
11,2037,C2 fixed admittance,4.09729955661999,5.170763285903831,14.850374981658511,12.774253390197291,23.32849447410592,True
11,2037,C3 proposed,2.7391310850972546,3.204551917025363,54.222826256762495,45.08156992214447,47.52153900245781,True
12,2038,C1 no assistance,6.247607307282216,7.9925360439614375,1.1621068161018682,-0.038341631053679194,-3.103818481396985,True
12,2038,C2 fixed admittance,4.096705777560961,5.455455019233093,17.590239111297645,16.60891742269216,19.398698886425763,True
12,2038,C3 proposed,2.5719295030628007,3.2960864198102313,55.638690444610816,42.478170931976166,47.02006040455137,True
13,2039,C1 no assistance,6.028559698322907,8.011464897333974,-1.3569314592614745,-0.5396209360424329,-0.5717428658077072,True
13,2039,C2 fixed admittance,4.037778879565415,4.573727599364558,14.450218769576926,17.82857418359126,23.809946632509956,True
13,2039,C3 proposed,3.2204455186684617,3.9738557028137054,55.51005442645787,42.01768762658271,48.99578838616699,True
14,2040,C1 no assistance,6.035758929832195,7.826984524441651,-0.1612673103408712,-2.150275527254634,-2.248962306664907,True
14,2040,C2 fixed admittance,3.804452680391324,5.242993522935974,13.873450295981337,17.104754234872438,23.880423419040298,True
14,2040,C3 proposed,3.082622726521961,3.8106529460455456,54.425632643183796,43.67739822049684,46.60178316909133,True
15,2041,C1 no assistance,6.42124879150445,7.809886156380003,3.623191458300179,0.8543694500628933,-1.3300457474238545,True
15,2041,C2 fixed admittance,4.128603914862723,5.148867954874906,13.507943043054613,14.446037078973163,20.58860355495141,True
15,2041,C3 proposed,2.7162571265329376,3.4270560281405915,55.81472928074569,45.2253533495198,46.732841716006575,True
16,2042,C1 no assistance,6.174539856007419,8.21595486053985,-2.1847794153199946,0.21407401624741715,1.011042741495722,True
16,2042,C2 fixed admittance,4.06247466567581,5.1913416329572595,15.982605813087465,17.95255790331352,23.584117868495163,True
16,2042,C3 proposed,3.0415207862522227,3.552888300141414,54.58361645365775,47.25877384839405,44.99338308117949,True
17,2043,C1 no assistance,5.907719119127415,8.036374923617604,-3.1608466293703312,0.0994991335721843,1.1388397690655339,True
17,2043,C2 fixed admittance,4.235732588196632,5.0280769168171915,10.929665487286883,18.445970334677426,24.32542486305064,True
17,2043,C3 proposed,3.153432538663764,3.447836600059856,53.90502823475736,42.21256414040175,52.405470160969074,True
18,2044,C1 no assistance,6.395433622603822,7.850944295523641,0.04947087058734632,-1.0097290774102052,0.3043428211563395,True
18,2044,C2 fixed admittance,4.237043274443713,5.422847564692155,14.45694152880078,10.850546756275964,17.64969498461394,True
18,2044,C3 proposed,2.9840976718657695,3.4395404473239033,50.34345548253564,49.85372336842133,46.78731896358063,True
19,2045,C1 no assistance,5.950535869096146,8.205641660471116,2.3207079465819986,-0.6517071171681585,-0.849503691616546,True
19,2045,C2 fixed admittance,4.303718329501209,5.025888900647846,13.678970229936754,15.03820586128649,25.852302993771666,True
19,2045,C3 proposed,2.757849312045848,3.541074594173566,57.4278156252657,46.89917310146811,47.68985617768561,True
20,2046,C1 no assistance,6.218466521228099,7.838248862918888,-2.2222915728960255,-1.2252369806831986,-0.5135493142872987,True
20,2046,C2 fixed admittance,4.214211373394382,5.3671679681563065,17.058194920143688,18.41981595035562,20.98790342080399,True
20,2046,C3 proposed,2.521231387612283,3.94101281498048,49.526834259881554,46.84026899520405,50.6787735248141,True
