profile_id,profile_type,simulated_age_years,coactivation_gain,fatigue_gain,spasticity_gain,split
1,CP-inspired,7.551691792231572,1.299245702683062,1.0472571555280654,0.35583086840434774,train
2,CP-inspired,9.985101059577966,1.256636201182451,1.1581635470266876,0.3121534147111525,train
3,CP-inspired,8.444977486252624,1.261927291106943,1.2304047474006379,0.3205882082309508,train
4,CP-inspired,8.79098250942189,1.273161874945131,1.191264142586595,0.27543926421924375,train
5,CP-inspired,8.21362455008433,1.3238608144165134,1.1708662044801394,0.24502295297293103,train
6,CP-inspired,8.08862617662355,1.332529728423483,1.1637402059541704,0.29405068759054703,train
7,CP-inspired,9.991122267891106,1.425968824393235,1.1300767929692197,0.3539282725373639,train
8,CP-inspired,6.808978281922238,1.29399820981923,1.0981329336341328,0.35405832738016746,train
9,CP-inspired,10.317669094421028,1.3710173427724055,1.1180126791811151,0.3273822010193894,train
10,CP-inspired,8.017677339289856,1.2434091751078447,1.215457595557911,0.3350687268987482,train
11,CP-inspired,9.24751436618914,1.229761031919152,1.1221928435381892,0.3577726810330093,train
12,CP-inspired,9.909708048210906,1.3375782349142713,1.332844169989898,0.26736548205457356,train
13,CP-inspired,13.0,1.532072650683188,1.2932889184182093,0.3330842612622099,train
14,CP-inspired,7.771502676686451,1.3595588502256177,1.1490115495627544,0.29913396840840434,train
15,CP-inspired,8.406263598437443,1.3027063965192824,1.2701654400810374,0.2777766376853402,validation
16,CP-inspired,7.224813482828511,1.199763475860042,1.1122205870947484,0.24275588064814577,validation
17,CP-inspired,7.348012072603167,1.3834612493211564,1.13846816222327,0.3102843063154552,validation
18,CP-inspired,6.8312802576485065,1.2935720463920355,1.0581452986029314,0.2720497641008127,test
19,CP-inspired,12.732716176118043,1.233362424721857,1.2583983469773965,0.3182021650048481,test
20,CP-inspired,8.639924178717946,1.2278314542956041,1.2700836578889414,0.2929046616238848,test
21,TD-inspired,11.496621613061972,0.7624736776004504,0.9240137291173843,0.0786199650716185,train
22,TD-inspired,9.534372294147913,0.7212958790520908,0.8735156087289916,0.052160791465354475,train
23,TD-inspired,7.4487111741487855,0.8741860087104032,0.9611613426951159,-0.018283378167130368,train
24,TD-inspired,5.831068078835326,0.7174749378544163,0.9282081671102482,0.14132690120155222,train
25,TD-inspired,8.249994034204544,0.8400520439906378,0.8455821806556265,0.01812655136305289,train
26,TD-inspired,5.572712715027981,0.8177324601820583,0.9863051677975865,0.04573142718283513,validation
27,TD-inspired,11.273970247298614,0.8358283882218857,0.9174511258705748,0.08069015570774088,test
